{
    "cone": {
        "precision": 0.991869918699187,
        "recall": 1.0,
        "f1-score": 0.9959183673469387,
        "support": 122.0
    },
    "cube": {
        "precision": 0.9850746268656716,
        "recall": 0.9924812030075187,
        "f1-score": 0.9887640449438202,
        "support": 133.0
    },
    "cylinder": {
        "precision": 0.9966442953020134,
        "recall": 0.99,
        "f1-score": 0.9933110367892977,
        "support": 300.0
    },
    "pyramid": {
        "precision": 1.0,
        "recall": 1.0,
        "f1-score": 1.0,
        "support": 242.0
    },
    "accuracy": 0.9949811794228356,
    "macro avg": {
        "precision": 0.993397210216718,
        "recall": 0.9956203007518797,
        "f1-score": 0.9944983622700141,
        "support": 797.0
    },
    "weighted avg": {
        "precision": 0.9950016863802249,
        "recall": 0.9949811794228356,
        "f1-score": 0.9949823962743337,
        "support": 797.0
    }
}