{
    "cone": {
        "precision": 0.9831932773109243,
        "recall": 0.9590163934426229,
        "f1-score": 0.970954356846473,
        "support": 122.0
    },
    "cube": {
        "precision": 0.8650793650793651,
        "recall": 0.8195488721804511,
        "f1-score": 0.8416988416988417,
        "support": 133.0
    },
    "cylinder": {
        "precision": 0.9215686274509803,
        "recall": 0.94,
        "f1-score": 0.9306930693069307,
        "support": 300.0
    },
    "pyramid": {
        "precision": 0.9552845528455285,
        "recall": 0.9710743801652892,
        "f1-score": 0.9631147540983607,
        "support": 242.0
    },
    "accuracy": 0.9322459222082811,
    "macro avg": {
        "precision": 0.9312814556716995,
        "recall": 0.9224099114470908,
        "f1-score": 0.9266152554876516,
        "support": 797.0
    },
    "weighted avg": {
        "precision": 0.9318125287470519,
        "recall": 0.9322459222082811,
        "f1-score": 0.9318495216626074,
        "support": 797.0
    }
}